-- phpMyAdmin SQL Dump
-- version 5.1.1
-- https://www.phpmyadmin.net/
--
-- Host: 127.0.0.1
-- Generation Time: Jan 19, 2022 at 01:44 PM
-- Server version: 10.4.21-MariaDB
-- PHP Version: 7.3.30

SET SQL_MODE = "NO_AUTO_VALUE_ON_ZERO";
START TRANSACTION;
SET time_zone = "+00:00";


/*!40101 SET @OLD_CHARACTER_SET_CLIENT=@@CHARACTER_SET_CLIENT */;
/*!40101 SET @OLD_CHARACTER_SET_RESULTS=@@CHARACTER_SET_RESULTS */;
/*!40101 SET @OLD_COLLATION_CONNECTION=@@COLLATION_CONNECTION */;
/*!40101 SET NAMES utf8mb4 */;

--
-- Database: `toko`
--

-- --------------------------------------------------------

--
-- Table structure for table `order`
--

CREATE TABLE `order` (
  `IdOrder` bigint(20) NOT NULL,
  `IdUser` bigint(20) NOT NULL,
  `IdUserLazada` bigint(20) DEFAULT NULL,
  `IdUserShopee` bigint(20) DEFAULT NULL,
  `NoOrder` varchar(20) NOT NULL,
  `NamaPembeli` varchar(90) NOT NULL,
  `Harga` varchar(20) NOT NULL,
  `Status` varchar(30) NOT NULL,
  `TglPembuatanOrder` varchar(20) NOT NULL,
  `Platform` varchar(20) NOT NULL,
  `CreatedBy` bigint(20) NOT NULL,
  `CreatedOn` varchar(20) NOT NULL,
  `ModifiedBy` bigint(20) DEFAULT NULL,
  `ModifiedOn` varchar(20) DEFAULT NULL
) ENGINE=InnoDB DEFAULT CHARSET=utf8mb4;

--
-- Dumping data for table `order`
--

INSERT INTO `order` (`IdOrder`, `IdUser`, `IdUserLazada`, `IdUserShopee`, `NoOrder`, `NamaPembeli`, `Harga`, `Status`, `TglPembuatanOrder`, `Platform`, `CreatedBy`, `CreatedOn`, `ModifiedBy`, `ModifiedOn`) VALUES
(568, 1, NULL, 332128107, '220114RD1Q74FX', 'hafizharsyil', 'Rp 32,900', 'Selesai', 'Shopee', '2022-01-14 05:50:50', 1, '2022-01-16 14:28:23', NULL, NULL),
(569, 1, NULL, 332128107, '220114R9MY24AA', 'wulanaurell26', 'Rp 29,900', 'Selesai', 'Shopee', '2022-01-14 04:50:02', 1, '2022-01-16 14:28:23', NULL, NULL),
(570, 1, NULL, 332128107, '220113MFFBFM0N', 'rahmadanitta', 'Rp 28,900', 'Selesai', 'Shopee', '2022-01-12 16:23:36', 1, '2022-01-16 14:28:23', NULL, NULL),
(571, 1, NULL, 332128107, '220109BXF9D5WA', 'caxf0el2mw', 'Rp 34,900', 'Selesai', 'Shopee', '2022-01-09 06:58:03', 1, '2022-01-16 14:28:23', NULL, NULL),
(572, 1, NULL, 332128107, '220113P74RP0GU', 'dettydianty', 'Rp 28,900', 'Selesai', 'Shopee', '2022-01-13 08:59:51', 1, '2022-01-16 14:28:23', NULL, NULL),
(573, 1, NULL, 332128107, '220110F8WPW3XN', 'diana_yulianti23', 'Rp 33,900', 'Selesai', 'Shopee', '2022-01-10 14:43:02', 1, '2022-01-16 14:28:23', NULL, NULL),
(574, 1, NULL, 332128107, '220115SN7SDC0G', 'lanymauliahadiani', 'Rp 29,900', 'Selesai', 'Shopee', '2022-01-14 17:50:04', 1, '2022-01-16 14:28:23', NULL, NULL),
(575, 1, NULL, 332128107, '220112JXUX13CK', 'irmayani2102', 'Rp 24,900', 'Selesai', 'Shopee', '2022-01-12 01:53:46', 1, '2022-01-16 14:28:23', NULL, NULL),
(576, 1, NULL, 332128107, '220114SD7WK6UB', 'putriwijayakaazahero', 'Rp 26,900', 'Selesai', 'Shopee', '2022-01-14 15:26:59', 1, '2022-01-16 14:28:23', NULL, NULL),
(577, 1, NULL, 332128107, '220112K90SE9TU', 'avenina', 'Rp 30,900', 'Selesai', 'Shopee', '2022-01-12 04:55:26', 1, '2022-01-16 14:28:23', NULL, NULL),
(595, 1, 400612677383, NULL, '773458861429122', 'teh ningrum', '35000.00', 'delivered', 'Lazada', '2022-01-15 09:13:04 ', 1, '2022-01-18 12:59:19', NULL, NULL),
(596, 1, 400612677383, NULL, '779884931294184', 'Boyethea', '35000.00', 'shipped_back', 'Lazada', '2022-01-15 06:48:33 ', 1, '2022-01-18 12:59:19', NULL, NULL),
(597, 1, 400612677383, NULL, '779710783309838', 'dodo', '35000.00', 'delivered', 'Lazada', '2022-01-14 20:43:21 ', 1, '2022-01-18 12:59:19', NULL, NULL),
(598, 1, 400612677383, NULL, '773145687350398', 'yati', '35000.00', 'delivered', 'Lazada', '2022-01-14 18:28:47 ', 1, '2022-01-18 12:59:19', NULL, NULL),
(600, 1, 400612677383, NULL, '773058290538085', 'usman', '27000.00', 'delivered', 'Lazada', '2022-01-14 15:42:40 ', 1, '2022-01-18 12:59:19', NULL, NULL),
(601, 1, 400612677383, NULL, '779408753360082', '08989115113', '25000.00', 'canceled', 'Lazada', '2022-01-14 12:20:28 ', 1, '2022-01-18 12:59:19', NULL, NULL),
(602, 1, 400612677383, NULL, '778024341309521', 'wiwik pujiati', '30000.00', 'delivered', 'Lazada', '2022-01-12 12:28:57 ', 1, '2022-01-18 12:59:19', NULL, NULL),
(603, 1, 400612677383, NULL, '771429634694837', 'nanda ayu', '24000.00', 'delivered', 'Lazada', '2022-01-12 08:42:41 ', 1, '2022-01-18 12:59:19', NULL, NULL),
(604, 1, 400612677383, NULL, '771169426979805', 'wahyu', '30000.00', 'delivered', 'Lazada', '2022-01-11 19:58:17 ', 1, '2022-01-18 12:59:19', NULL, NULL),
(605, 1, 400612677383, NULL, '770592867133311', 'muhamad subakri', '61000.00', 'delivered', 'Lazada', '2022-01-11 00:42:24 ', 1, '2022-01-18 12:59:19', NULL, NULL),
(606, 1, 400612677383, NULL, '776982523830854', 'yanto', '35000.00', 'delivered', 'Lazada', '2022-01-10 22:11:02 ', 1, '2022-01-18 12:59:19', NULL, NULL),
(607, 1, 400612677383, NULL, '776886380177632', 'Kholil', '59000.00', 'delivered', 'Lazada', '2022-01-10 20:02:00 ', 1, '2022-01-18 12:59:19', NULL, NULL),
(608, 1, 400612677383, NULL, '776507198343864', 'Nurmayati.Rusli', '130000.00', 'delivered', 'Lazada', '2022-01-10 10:55:14 ', 1, '2022-01-18 12:59:19', NULL, NULL),
(609, 1, 400612677383, NULL, '770073224843864', 'Nurmayati.Rusli', '185000.00', 'delivered', 'Lazada', '2022-01-10 10:37:20 ', 1, '2022-01-18 12:59:19', NULL, NULL),
(610, 1, 400612677383, NULL, '769816290981241', 'tuning lidyawati', '37000.00', 'delivered', 'Lazada', '2022-01-09 22:14:52 ', 1, '2022-01-18 12:59:19', NULL, NULL),
(611, 1, 400612677383, NULL, '769802271268766', 'Rohmat sjamsuri', '173000.00', 'delivered', 'Lazada', '2022-01-09 21:43:58 ', 1, '2022-01-18 12:59:19', NULL, NULL),
(612, 1, 400612677383, NULL, '769718081381437', 'Desy nur Santy', '37000.00', 'delivered', 'Lazada', '2022-01-09 19:43:37 ', 1, '2022-01-18 12:59:19', NULL, NULL),
(613, 1, 400612677383, NULL, '776147724456544', 'iwan', '24000.00', 'delivered', 'Lazada', '2022-01-09 19:26:45 ', 1, '2022-01-18 12:59:19', NULL, NULL),
(614, 1, 400612677383, NULL, '776067764847352', 'Ishak Amin Rusli', '72000.00', 'delivered', 'Lazada', '2022-01-09 17:32:47 ', 1, '2022-01-18 12:59:19', NULL, NULL),
(615, 1, 400612677383, NULL, '775607387810232', 'Hj.Malia', '25000.00', 'delivered', 'Lazada', '2022-01-08 22:06:33 ', 1, '2022-01-18 12:59:19', NULL, NULL),
(616, 1, 400612677383, NULL, '775028110137381', 'adi.', '60000.00', 'delivered', 'Lazada', '2022-01-08 01:54:00 ', 1, '2022-01-18 12:59:19', NULL, NULL),
(617, 1, 400612677383, NULL, '774787165448270', 'Bambang Setiobroto', '30000.00', 'delivered', 'Lazada', '2022-01-07 17:54:12 ', 1, '2022-01-18 12:59:19', NULL, NULL),
(618, 1, 400612677383, NULL, '768225007550232', 'yuniati', '37000.00', 'delivered', 'Lazada', '2022-01-07 14:34:37 ', 1, '2022-01-18 12:59:19', NULL, NULL),
(619, 1, 400612677383, NULL, '774305990520195', 'parsojo', '30000.00', 'delivered', 'Lazada', '2022-01-07 01:02:48 ', 1, '2022-01-18 12:59:19', NULL, NULL),
(620, 1, 400612677383, NULL, '767275432276707', 'mulyani ruchimat', '37000.00', 'delivered', 'Lazada', '2022-01-06 08:14:17 ', 1, '2022-01-18 12:59:19', NULL, NULL),
(621, 1, 400612677383, NULL, '773045126508572', 'Sri Meliawati', '30000.00', 'delivered', 'Lazada', '2022-01-05 09:54:46 ', 1, '2022-01-18 12:59:19', NULL, NULL),
(622, 1, 400612677383, NULL, '765471462133986', 'sadam', '65000.00', 'delivered', 'Lazada', '2022-01-03 18:12:55 ', 1, '2022-01-18 12:59:19', NULL, NULL),
(623, 1, 400612677383, NULL, '771892915538810', 'harrysusantha', '30000.00', 'delivered', 'Lazada', '2022-01-03 17:34:37 ', 1, '2022-01-18 12:59:19', NULL, NULL),
(624, 1, 400612677383, NULL, '771756968264012', 'anggie', '27000.00', 'delivered', 'Lazada', '2022-01-03 14:28:53 ', 1, '2022-01-18 12:59:19', NULL, NULL),
(625, 1, 400612677383, NULL, '771592508696911', 'Teya', '61000.00', 'delivered', 'Lazada', '2022-01-03 10:54:38 ', 1, '2022-01-18 12:59:19', NULL, NULL),
(626, 1, 400612677383, NULL, '764108463806842', 'Asep Hermawan', '36000.00', 'delivered', 'Lazada', '2022-01-01 22:05:32 ', 1, '2022-01-18 12:59:19', NULL, NULL),
(627, 1, 400612677383, NULL, '763565466689226', 'Anjas Ankasa', '37000.00', 'delivered', 'Lazada', '2022-01-01 08:14:16 ', 1, '2022-01-18 12:59:19', NULL, NULL),
(628, 1, 400612677383, NULL, '769610571042561', 'sucipto', '26000.00', 'delivered', 'Lazada', '2021-12-31 17:20:03 ', 1, '2022-01-18 12:59:19', NULL, NULL),
(629, 1, 400612677383, NULL, '763030002892843', 'cut ervina', '37000.00', 'delivered', 'Lazada', '2021-12-31 10:08:17 ', 1, '2022-01-18 12:59:19', NULL, NULL),
(630, 1, 400612677383, NULL, '769067172644944', 'Bude tutik', '37000.00', 'delivered', 'Lazada', '2021-12-30 19:39:08 ', 1, '2022-01-18 12:59:19', NULL, NULL),
(631, 1, 400612677383, NULL, '762386038776485', 'Ketut Subrata atmaja', '37000.00', 'delivered', 'Lazada', '2021-12-30 10:22:37 ', 1, '2022-01-18 12:59:19', NULL, NULL),
(632, 1, 400612677383, NULL, '762216234164033', 'suryati', '50000.00', 'delivered', 'Lazada', '2021-12-30 03:18:03 ', 1, '2022-01-18 12:59:19', NULL, NULL),
(633, 1, 400612677383, NULL, '762100866928614', 'kacrut', '37000.00', 'delivered', 'Lazada', '2021-12-29 21:17:40 ', 1, '2022-01-18 12:59:19', NULL, NULL),
(634, 1, 400612677383, NULL, '768372140443477', 'Flindo Antibe', '450000.00', 'delivered', 'Lazada', '2021-12-29 18:39:06 ', 1, '2022-01-18 12:59:19', NULL, NULL),
(635, 1, 400612677383, NULL, '766633390762456', 'Chomsiyah', '37000.00', 'delivered', 'Lazada', '2021-12-27 09:37:13 ', 1, '2022-01-18 12:59:19', NULL, NULL),
(636, 1, 400612677383, NULL, '760085025405273', 'fatmawati', '37000.00', 'delivered', 'Lazada', '2021-12-26 23:39:47 ', 1, '2022-01-18 12:59:19', NULL, NULL),
(637, 1, 400612677383, NULL, '766009785123747', 'lia', '37000.00', 'delivered', 'Lazada', '2021-12-26 11:04:44 ', 1, '2022-01-18 12:59:19', NULL, NULL),
(638, 1, 400612677383, NULL, '765861515429308', 'Dikdik Sodikin', '36000.00', 'delivered', 'Lazada', '2021-12-26 03:12:59 ', 1, '2022-01-18 12:59:19', NULL, NULL),
(639, 1, 400612677383, NULL, '759350809108408', 'ngko Amin', '74000.00', 'delivered', 'Lazada', '2021-12-25 19:43:40 ', 1, '2022-01-18 12:59:19', NULL, NULL),
(640, 1, 400612677383, NULL, '759181654707408', 'indra setiawan', '37000.00', 'delivered', 'Lazada', '2021-12-25 15:22:08 ', 1, '2022-01-18 12:59:19', NULL, NULL),
(641, 1, 400612677383, NULL, '765427726786479', 'Wahyuning utami', '37000.00', 'delivered', 'Lazada', '2021-12-25 13:27:22 ', 1, '2022-01-18 12:59:19', NULL, NULL),
(642, 1, 400612677383, NULL, '758457078754642', 'nurmaya sari.pasau', '79000.00', 'delivered', 'Lazada', '2021-12-24 15:07:16 ', 1, '2022-01-18 12:59:19', NULL, NULL),
(643, 1, 400612677383, NULL, '758177892849707', 'iyam aryani', '30000.00', 'delivered', 'Lazada', '2021-12-24 06:45:37 ', 1, '2022-01-18 12:59:19', NULL, NULL),
(644, 1, 400612677383, NULL, '764354162708408', 'ngko Amin', '74000.00', 'canceled', 'Lazada', '2021-12-23 22:32:26 ', 1, '2022-01-18 12:59:19', NULL, NULL),
(645, 1, 400612677383, NULL, '763531799503923', 'sufra andri', '37000.00', 'delivered', 'Lazada', '2021-12-22 18:52:46 ', 1, '2022-01-18 12:59:19', NULL, NULL),
(646, 1, 400612677383, NULL, '763355746082311', 'Pak Deni Key', '37000.00', 'delivered', 'Lazada', '2021-12-22 13:45:37 ', 1, '2022-01-18 12:59:19', NULL, NULL),
(647, 1, 400612677383, NULL, '756902070749340', '81511034657', '37000.00', 'delivered', 'Lazada', '2021-12-22 08:06:30 ', 1, '2022-01-18 12:59:19', NULL, NULL),
(648, 1, 400612677383, NULL, '756164891808891', 'Agnia Firdayanti Sugandi', '180000.00', 'delivered', 'Lazada', '2021-12-21 05:22:02 ', 1, '2022-01-18 12:59:19', NULL, NULL),
(649, 1, 400612677383, NULL, '762353101899454', 'zackymubarok', '108000.00', 'delivered', 'Lazada', '2021-12-20 23:14:16 ', 1, '2022-01-18 12:59:19', NULL, NULL),
(650, 1, 400612677383, NULL, '762344950599454', 'zackymubarok', '18000.00', 'canceled', 'Lazada', '2021-12-20 23:12:27 ', 1, '2022-01-18 12:59:19', NULL, NULL),
(651, 1, 400612677383, NULL, '762340195599454', 'zackymubarok', '18000.00', 'canceled', 'Lazada', '2021-12-20 23:11:10 ', 1, '2022-01-18 12:59:19', NULL, NULL),
(652, 1, 400612677383, NULL, '755518299262224', 'pujiastutik', '37000.00', 'delivered', 'Lazada', '2021-12-20 07:20:23 ', 1, '2022-01-18 12:59:19', NULL, NULL),
(653, 1, 400612677383, NULL, '754183633308404', 'alibasuni', '37000.00', 'delivered', 'Lazada', '2021-12-17 23:44:25 ', 1, '2022-01-18 12:59:19', NULL, NULL),
(654, 1, 400612677383, NULL, '760241928886646', 'Eka ahmad', '37000.00', 'delivered', 'Lazada', '2021-12-17 17:26:35 ', 1, '2022-01-18 12:59:19', NULL, NULL),
(655, 1, 400612677383, NULL, '760225132579323', '81311251262', '18000.00', 'delivered', 'Lazada', '2021-12-17 17:00:03 ', 1, '2022-01-18 12:59:19', NULL, NULL),
(656, 1, 400612677383, NULL, '753214828102301', 'rusdiana', '62000.00', 'delivered', 'Lazada', '2021-12-16 14:31:35 ', 1, '2022-01-18 12:59:19', NULL, NULL),
(657, 1, 400612677383, NULL, '753214413413883', 'Ari Ridwan Maulana', '74000.00', 'delivered', 'Lazada', '2021-12-16 14:25:33 ', 1, '2022-01-18 12:59:19', NULL, NULL),
(658, 1, 400612677383, NULL, '759241339585821', '811139093', '30000.00', 'delivered', 'Lazada', '2021-12-16 08:58:37 ', 1, '2022-01-18 12:59:19', NULL, NULL),
(659, 1, 400612677383, NULL, '759213921482417', 'Een Rasman', '28000.00', 'canceled', 'Lazada', '2021-12-16 08:01:29 ', 1, '2022-01-18 12:59:19', NULL, NULL),
(660, 1, 400612677383, NULL, '759040193079004', 'agung sugiarto', '27000.00', 'delivered', 'Lazada', '2021-12-15 22:04:51 ', 1, '2022-01-18 12:59:19', NULL, NULL),
(661, 1, 400612677383, NULL, '758762170091553', 'yasril', '35000.00', 'delivered', 'Lazada', '2021-12-15 14:10:29 ', 1, '2022-01-18 12:59:19', NULL, NULL),
(662, 1, 400612677383, NULL, '758464576799836', '08118876199', '25000.00', 'delivered', 'Lazada', '2021-12-15 03:33:07 ', 1, '2022-01-18 12:59:19', NULL, NULL),
(663, 1, 400612677383, NULL, '752254445899836', '08118876199', '27000.00', 'delivered', 'Lazada', '2021-12-15 03:30:10 ', 1, '2022-01-18 12:59:19', NULL, NULL),
(664, 1, 400612677383, NULL, '758137372395814', 'adang', '27000.00', 'delivered', 'Lazada', '2021-12-14 19:39:27 ', 1, '2022-01-18 12:59:19', NULL, NULL),
(665, 1, 400612677383, NULL, '757855180108028', 'rita komala', '34000.00', 'delivered', 'Lazada', '2021-12-14 15:12:06 ', 1, '2022-01-18 12:59:19', NULL, NULL),
(666, 1, 400612677383, NULL, '751653646953342', 'Nuni munawati', '24000.00', 'delivered', 'Lazada', '2021-12-14 15:08:21 ', 1, '2022-01-18 12:59:19', NULL, NULL),
(667, 1, 400612677383, NULL, '751529845102494', 'diah sugandi', '26000.00', 'delivered', 'Lazada', '2021-12-14 12:54:47 ', 1, '2022-01-18 12:59:19', NULL, NULL),
(668, 1, 400612677383, NULL, '756810339452133', 'saeful anwar', '26000.00', 'delivered', 'Lazada', '2021-12-13 17:48:44 ', 1, '2022-01-18 12:59:19', NULL, NULL),
(669, 1, 400612677383, NULL, '755575780101388', 'nuraeni', '34000.00', 'delivered', 'Lazada', '2021-12-12 20:28:09 ', 1, '2022-01-18 12:59:19', NULL, NULL),
(670, 1, 400612677383, NULL, '749344879408891', 'Agnia Firdayanti Sugandi', '17000.00', 'delivered', 'Lazada', '2021-12-12 20:10:07 ', 1, '2022-01-18 12:59:19', NULL, NULL),
(671, 1, 400612677383, NULL, '754246175875044', '081553162026', '34000.00', 'delivered', 'Lazada', '2021-12-12 08:18:44 ', 1, '2022-01-18 12:59:19', NULL, NULL),
(672, 1, 400612677383, NULL, '752959972897948', 'Zamri Yahya', '26000.00', 'delivered', 'Lazada', '2021-12-11 10:46:44 ', 1, '2022-01-18 12:59:19', NULL, NULL),
(673, 1, 400612677383, NULL, '746751081668881', 'sarif alim', '58000.00', 'delivered', 'Lazada', '2021-12-11 10:37:43 ', 1, '2022-01-18 12:59:19', NULL, NULL),
(674, 1, 400612677383, NULL, '752684563496442', 'Chika mounera', '61000.00', 'delivered', 'Lazada', '2021-12-10 22:14:10 ', 1, '2022-01-18 12:59:19', NULL, NULL),
(675, 1, 400612677383, NULL, '752561512919329', 'risma rahmawati', '26000.00', 'canceled', 'Lazada', '2021-12-10 19:05:27 ', 1, '2022-01-18 12:59:19', NULL, NULL),
(676, 1, 400612677383, NULL, '745154660747679', 'mariyam', '43000.00', 'delivered', 'Lazada', '2021-12-09 09:54:46 ', 1, '2022-01-18 12:59:19', NULL, NULL),
(677, 1, 400612677383, NULL, '744745008190055', 'rochmadsugeng', '87000.00', 'delivered', 'Lazada', '2021-12-08 18:26:32 ', 1, '2022-01-18 12:59:19', NULL, NULL),
(678, 1, 400612677383, NULL, '743845499633965', 'engkom. sepatu', '27000.00', 'delivered', 'Lazada', '2021-12-07 16:31:07 ', 1, '2022-01-18 12:59:19', NULL, NULL),
(679, 1, 400612677383, NULL, '743537438834275', 'agung asrah', '34000.00', 'delivered', 'Lazada', '2021-12-07 08:57:32 ', 1, '2022-01-18 12:59:19', NULL, NULL),
(680, 1, 400612677383, NULL, '743499424438831', 'teh neni', '34000.00', 'delivered', 'Lazada', '2021-12-07 07:49:45 ', 1, '2022-01-18 12:59:19', NULL, NULL),
(681, 1, 400612677383, NULL, '749632374958032', 'kastiyar', '34000.00', 'delivered', 'Lazada', '2021-12-07 06:39:43 ', 1, '2022-01-18 12:59:19', NULL, NULL),
(682, 1, 400612677383, NULL, '749212554196119', 'budi susetyo', '63000.00', 'delivered', 'Lazada', '2021-12-06 16:16:52 ', 1, '2022-01-18 12:59:19', NULL, NULL),
(683, 1, 400612677383, NULL, '742330203757162', 'H.S.Yusuf Karma', '102000.00', 'delivered', 'Lazada', '2021-12-05 17:23:54 ', 1, '2022-01-18 12:59:19', NULL, NULL),
(684, 1, 400612677383, NULL, '747771378777534', 'asep', '26000.00', 'delivered', 'Lazada', '2021-12-04 18:58:01 ', 1, '2022-01-18 12:59:19', NULL, NULL),
(685, 1, 400612677383, NULL, '747542950721552', 'zainuddin nung', '34000.00', 'delivered', 'Lazada', '2021-12-04 13:17:12 ', 1, '2022-01-18 12:59:19', NULL, NULL),
(686, 1, 400612677383, NULL, '741026226485821', '811139093', '29000.00', 'delivered', 'Lazada', '2021-12-03 22:13:23 ', 1, '2022-01-18 12:59:19', NULL, NULL),
(687, 1, 400612677383, NULL, '740976432317080', 'arraya', '25000.00', 'delivered', 'Lazada', '2021-12-03 21:00:57 ', 1, '2022-01-18 12:59:19', NULL, NULL),
(688, 1, 400612677383, NULL, '747087956317080', 'arraya', '25000.00', 'canceled', 'Lazada', '2021-12-03 20:56:17 ', 1, '2022-01-18 12:59:19', NULL, NULL),
(689, 1, 400612677383, NULL, '746952541649323', 'firzania novita bahrun', '34000.00', 'delivered', 'Lazada', '2021-12-03 17:54:45 ', 1, '2022-01-18 12:59:19', NULL, NULL),
(690, 1, 400612677383, NULL, '740386008061130', 'TOTOK INDRAYANA', '34000.00', 'delivered', 'Lazada', '2021-12-03 07:25:28 ', 1, '2022-01-18 12:59:19', NULL, NULL),
(691, 1, 400612677383, NULL, '745810535034221', 'Loran Wilson Napitupulu', '183000.00', 'delivered', 'Lazada', '2021-12-02 11:20:22 ', 1, '2022-01-18 12:59:19', NULL, NULL),
(692, 1, 400612677383, NULL, '745608524233965', 'engkom. sepatu', '34000.00', 'delivered', 'Lazada', '2021-12-02 06:21:32 ', 1, '2022-01-18 12:59:19', NULL, NULL),
(693, 1, 400612677383, NULL, '739280467282417', 'Een Rasman', '27000.00', 'canceled', 'Lazada', '2021-12-01 20:11:15 ', 1, '2022-01-18 12:59:19', NULL, NULL),
(694, 1, 400612677383, NULL, '738888236320831', 'yeti oktavia', '34000.00', 'delivered', 'Lazada', '2021-12-01 11:12:53 ', 1, '2022-01-18 12:59:19', NULL, NULL),
(695, 1, 400612677383, NULL, '738889428220831', 'yeti oktavia', '34000.00', 'delivered', 'Lazada', '2021-12-01 11:12:19 ', 1, '2022-01-18 12:59:19', NULL, NULL),
(696, 1, 400612677383, NULL, '744944921420831', 'yeti oktavia', '68000.00', 'delivered', 'Lazada', '2021-12-01 11:11:50 ', 1, '2022-01-18 12:59:19', NULL, NULL),
(697, 1, 400612677383, NULL, '738730248890388', 'Hendrik pedagang mainan', '17000.00', 'canceled', 'Lazada', '2021-12-01 07:36:17 ', 1, '2022-01-18 12:59:19', NULL, NULL),
(698, 1, 400612677383, NULL, '738550497864012', 'anggie', '27000.00', 'delivered', 'Lazada', '2021-11-30 22:39:51 ', 1, '2022-01-18 12:59:19', NULL, NULL),
(699, 1, 400612677383, NULL, '738475653894746', 'Eddy.hidayat', '24000.00', 'delivered', 'Lazada', '2021-11-30 20:28:00 ', 1, '2022-01-18 12:59:19', NULL, NULL),
(700, 1, 400612677383, NULL, '744443561093230', 'Saepul Rohman', '30000.00', 'delivered', 'Lazada', '2021-11-30 18:47:08 ', 1, '2022-01-18 12:59:19', NULL, NULL),
(701, 1, 400612677383, NULL, '738043044329753', 'fera', '70000.00', 'delivered', 'Lazada', '2021-11-30 10:20:02 ', 1, '2022-01-18 12:59:19', NULL, NULL),
(702, 1, 400612677383, NULL, '737694208936003', 'fauzi', '26000.00', 'delivered', 'Lazada', '2021-11-29 19:37:05 ', 1, '2022-01-18 12:59:19', NULL, NULL),
(703, 1, 400612677383, NULL, '737522291521220', 'wafi', '30000.00', 'canceled', 'Lazada', '2021-11-29 15:56:58 ', 1, '2022-01-18 12:59:19', NULL, NULL),
(704, 1, 400612677383, NULL, '743461302855183', 'Banjir R7', '35000.00', 'delivered', 'Lazada', '2021-11-29 12:52:35 ', 1, '2022-01-18 12:59:19', NULL, NULL),
(705, 1, 400612677383, NULL, '737058003796911', 'Teya', '65000.00', 'delivered', 'Lazada', '2021-11-28 21:40:09 ', 1, '2022-01-18 12:59:19', NULL, NULL),
(706, 1, 400612677383, NULL, '736919438385510', 'Subadri', '28000.00', 'delivered', 'Lazada', '2021-11-28 18:27:03 ', 1, '2022-01-18 12:59:19', NULL, NULL),
(707, 1, 400612677383, NULL, '736910616746429', 'Dian', '35000.00', 'delivered', 'Lazada', '2021-11-28 18:02:18 ', 1, '2022-01-18 12:59:19', NULL, NULL),
(708, 1, 400612677383, NULL, '742849938188898', 'Tanti - Arif Cahyadi', '30000.00', 'delivered', 'Lazada', '2021-11-28 15:59:34 ', 1, '2022-01-18 12:59:19', NULL, NULL),
(709, 1, 400612677383, NULL, '742032338070529', 'Herman ximenes', '18000.00', 'delivered', 'Lazada', '2021-11-27 11:43:31 ', 1, '2022-01-18 12:59:19', NULL, NULL),
(710, 1, 400612677383, NULL, '735743897527825', 'tien ivoy', '36000.00', 'delivered', 'Lazada', '2021-11-26 22:14:05 ', 1, '2022-01-18 12:59:19', NULL, NULL),
(711, 1, 400612677383, NULL, '735703237987590', '087871288301', '35000.00', 'delivered', 'Lazada', '2021-11-26 20:32:54 ', 1, '2022-01-18 12:59:19', NULL, NULL),
(712, 1, 400612677383, NULL, '734850693627701', 'hairil anwar', '135000.00', 'shipped_back_success', 'Lazada', '2021-11-25 16:54:49 ', 1, '2022-01-18 12:59:19', NULL, NULL),
(713, 1, 400612677383, NULL, '740472923946875', 'Eni. Afnan', '35000.00', 'delivered', 'Lazada', '2021-11-25 07:43:31 ', 1, '2022-01-18 12:59:19', NULL, NULL),
(714, 1, 400612677383, NULL, '739300192697461', 'Suwarni', '54000.00', 'delivered', 'Lazada', '2021-11-23 14:24:15 ', 1, '2022-01-18 12:59:19', NULL, NULL),
(715, 1, 400612677383, NULL, '738964984196818', 'Odi Tapakan', '18000.00', 'delivered', 'Lazada', '2021-11-23 00:09:49 ', 1, '2022-01-18 12:59:19', NULL, NULL),
(716, 1, 400612677383, NULL, '732860843399046', 'Asmaul falah', '18000.00', 'delivered', 'Lazada', '2021-11-22 20:35:03 ', 1, '2022-01-18 12:59:19', NULL, NULL),
(717, 1, 400612677383, NULL, '732054440820163', 'Santi sopianti', '36000.00', 'delivered', 'Lazada', '2021-11-21 16:55:38 ', 1, '2022-01-18 12:59:19', NULL, NULL),
(718, 1, 400612677383, NULL, '730848245086829', 'edi sosiawan', '36000.00', 'delivered', 'Lazada', '2021-11-19 17:40:47 ', 1, '2022-01-18 12:59:19', NULL, NULL),
(719, 1, 400612677383, NULL, '730609420282629', 'H Budi', '30000.00', 'delivered', 'Lazada', '2021-11-19 11:10:05 ', 1, '2022-01-18 12:59:19', NULL, NULL),
(720, 1, 400612677383, NULL, '736498395646255', 'Hh.Siti Hidayati', '54000.00', 'delivered', 'Lazada', '2021-11-19 09:03:24 ', 1, '2022-01-18 12:59:19', NULL, NULL),
(721, 1, 400612677383, NULL, '730047679634472', 'Anton  M', '63000.00', 'delivered', 'Lazada', '2021-11-18 13:52:34 ', 1, '2022-01-18 12:59:19', NULL, NULL),
(722, 1, 400612677383, NULL, '735978941419721', 'oyo sunarya', '27000.00', 'delivered', 'Lazada', '2021-11-18 12:55:04 ', 1, '2022-01-18 12:59:19', NULL, NULL),
(723, 1, 400612677383, NULL, '735910719786086', 'H Mamah Nurohmah', '205000.00', 'delivered', 'Lazada', '2021-11-18 11:00:09 ', 1, '2022-01-18 12:59:19', NULL, NULL),
(724, 1, 400612677383, NULL, '735888770529753', 'fera', '36000.00', 'delivered', 'Lazada', '2021-11-18 10:38:21 ', 1, '2022-01-18 12:59:19', NULL, NULL),
(725, 1, 400612677383, NULL, '735528395844974', 'Irfan', '24000.00', 'delivered', 'Lazada', '2021-11-17 18:46:00 ', 1, '2022-01-18 12:59:19', NULL, NULL),
(726, 1, 400612677383, NULL, '729536002973650', 'suprayitno', '36000.00', 'delivered', 'Lazada', '2021-11-17 18:16:27 ', 1, '2022-01-18 12:59:19', NULL, NULL),
(727, 1, 400612677383, NULL, '729443871557817', 'nurmala', '36000.00', 'delivered', 'Lazada', '2021-11-17 15:56:03 ', 1, '2022-01-18 12:59:19', NULL, NULL),
(728, 1, 400612677383, NULL, '735369163427870', 'Akhmad Ishom Maulidi', '27000.00', 'delivered', 'Lazada', '2021-11-17 14:39:44 ', 1, '2022-01-18 12:59:19', NULL, NULL),
(729, 1, 400612677383, NULL, '734948116579805', 'wahyu', '30000.00', 'delivered', 'Lazada', '2021-11-16 21:19:17 ', 1, '2022-01-18 12:59:19', NULL, NULL),
(730, 1, 400612677383, NULL, '728869898529166', 'Nia Rahmawati', '36000.00', 'delivered', 'Lazada', '2021-11-16 19:17:47 ', 1, '2022-01-18 12:59:19', NULL, NULL),
(731, 1, 400612677383, NULL, '728880447563921', 'torib', '24000.00', 'delivered', 'Lazada', '2021-11-16 19:16:10 ', 1, '2022-01-18 12:59:19', NULL, NULL),
(732, 1, 400612677383, NULL, '733821778082190', 'anang', '36000.00', 'delivered', 'Lazada', '2021-11-15 10:33:57 ', 1, '2022-01-18 12:59:19', NULL, NULL),
(733, 1, 400612677383, NULL, '727532892884079', 'Ima', '36000.00', 'delivered', 'Lazada', '2021-11-14 20:13:26 ', 1, '2022-01-18 12:59:19', NULL, NULL),
(734, 1, 400612677383, NULL, '727441614124359', 'dede juhariyah', '36000.00', 'delivered', 'Lazada', '2021-11-14 17:27:38 ', 1, '2022-01-18 12:59:19', NULL, NULL),
(735, 1, 400612677383, NULL, '727005881799454', 'zackymubarok', '90000.00', 'delivered', 'Lazada', '2021-11-13 23:03:20 ', 1, '2022-01-18 12:59:19', NULL, NULL),
(736, 1, 400612677383, NULL, '732084765009497', 'erik', '25000.00', 'delivered', 'Lazada', '2021-11-12 15:52:48 ', 1, '2022-01-18 12:59:19', NULL, NULL),
(737, 1, 400612677383, NULL, '731965331175550', 'Muhammad Hariyo', '61000.00', 'delivered', 'Lazada', '2021-11-12 12:12:32 ', 1, '2022-01-18 12:59:19', NULL, NULL),
(738, 1, 400612677383, NULL, '731881572734221', 'Loran Wilson Napitupulu', '27000.00', 'delivered', 'Lazada', '2021-11-12 10:19:02 ', 1, '2022-01-18 12:59:19', NULL, NULL),
(739, 1, 400612677383, NULL, '725946053334221', 'Loran Wilson Napitupulu', '28000.00', 'delivered', 'Lazada', '2021-11-12 10:17:28 ', 1, '2022-01-18 12:59:19', NULL, NULL),
(740, 1, 400612677383, NULL, '725932686934221', 'Loran Wilson Napitupulu', '61000.00', 'delivered', 'Lazada', '2021-11-12 10:16:39 ', 1, '2022-01-18 12:59:19', NULL, NULL),
(741, 1, 400612677383, NULL, '731876790934221', 'Loran Wilson Napitupulu', '30000.00', 'delivered', 'Lazada', '2021-11-12 10:16:09 ', 1, '2022-01-18 12:59:19', NULL, NULL),
(742, 1, 400612677383, NULL, '731427583258788', 'mamduhatul choiriyah', '34000.00', 'delivered', 'Lazada', '2021-11-11 21:45:00 ', 1, '2022-01-18 12:59:19', NULL, NULL),
(743, 1, 400612677383, NULL, '728965109332284', 'lucia Sri langgeng', '36000.00', 'delivered', 'Lazada', '2021-11-10 14:54:46 ', 1, '2022-01-18 12:59:19', NULL, NULL),
(744, 1, 400612677383, NULL, '722337653681691', 'Bu naena', '72000.00', 'delivered', 'Lazada', '2021-11-09 16:16:11 ', 1, '2022-01-18 12:59:19', NULL, NULL),
(745, 1, 400612677383, NULL, '728140513925166', 'Lidya gunawan', '36000.00', 'delivered', 'Lazada', '2021-11-09 12:21:57 ', 1, '2022-01-18 12:59:19', NULL, NULL),
(746, 1, 400612677383, NULL, '728055767244982', 'bu rina', '30000.00', 'delivered', 'Lazada', '2021-11-09 10:23:21 ', 1, '2022-01-18 12:59:19', NULL, NULL),
(747, 1, 400612677383, NULL, '727927301594642', 'Akhmat Faunanto', '72000.00', 'delivered', 'Lazada', '2021-11-09 05:31:35 ', 1, '2022-01-18 12:59:19', NULL, NULL),
(748, 1, 400612677383, NULL, '721752690805813', 'hirma', '36000.00', 'delivered', 'Lazada', '2021-11-08 19:13:08 ', 1, '2022-01-18 12:59:19', NULL, NULL),
(749, 1, 400612677383, NULL, '719753694585612', 'alyyansyah', '36000.00', 'delivered', 'Lazada', '2021-11-05 18:30:46 ', 1, '2022-01-18 12:59:19', NULL, NULL),
(750, 1, 400612677383, NULL, '725628901824700', 'Trang wibowo', '54000.00', 'delivered', 'Lazada', '2021-11-05 16:12:44 ', 1, '2022-01-18 12:59:19', NULL, NULL),
(751, 1, 400612677383, NULL, '725500596300298', 'Iis iswati', '30000.00', 'delivered', 'Lazada', '2021-11-05 13:33:17 ', 1, '2022-01-18 12:59:19', NULL, NULL),
(752, 1, 400612677383, NULL, '724951756316650', 'Muis Hasibuan', '18000.00', 'delivered', 'Lazada', '2021-11-04 15:27:20 ', 1, '2022-01-18 12:59:19', NULL, NULL),
(753, 1, 400612677383, NULL, '717430805764499', 'ida luluk nadhif', '36000.00', 'delivered', 'Lazada', '2021-11-02 11:46:36 ', 1, '2022-01-18 12:59:19', NULL, NULL),
(754, 1, 400612677383, NULL, '716695272403731', 'SARWANTO', '30000.00', 'delivered', 'Lazada', '2021-11-01 12:34:47 ', 1, '2022-01-18 12:59:19', NULL, NULL),
(755, 1, 400612677383, NULL, '722047309513483', 'Darman', '72000.00', 'delivered', 'Lazada', '2021-10-31 17:24:43 ', 1, '2022-01-18 12:59:19', NULL, NULL),
(756, 1, 400612677383, NULL, '715399219925864', 'ninuk lestari', '54000.00', 'delivered', 'Lazada', '2021-10-30 13:48:00 ', 1, '2022-01-18 12:59:19', NULL, NULL),
(757, 1, 400612677383, NULL, '714799238818625', 'PATRIS HEROTA', '54000.00', 'delivered', 'Lazada', '2021-10-29 15:13:21 ', 1, '2022-01-18 12:59:19', NULL, NULL),
(758, 1, 400612677383, NULL, '719980966318257', 'Hermono Galuk', '36000.00', 'delivered', 'Lazada', '2021-10-28 15:46:09 ', 1, '2022-01-18 12:59:19', NULL, NULL),
(759, 1, 400612677383, NULL, '719830175269467', 'SUNARSIH LUKEN', '36000.00', 'delivered', 'Lazada', '2021-10-28 11:45:17 ', 1, '2022-01-18 12:59:19', NULL, NULL),
(760, 1, 400612677383, NULL, '713240428522537', 'Umi Badrie', '36000.00', 'delivered', 'Lazada', '2021-10-27 10:32:42 ', 1, '2022-01-18 12:59:19', NULL, NULL),
(761, 1, 400612677383, NULL, '718947516666304', 'raihan', '36000.00', 'delivered', 'Lazada', '2021-10-27 07:28:08 ', 1, '2022-01-18 12:59:19', NULL, NULL),
(762, 1, 400612677383, NULL, '713081086710256', 'Bambang R', '61000.00', 'delivered', 'Lazada', '2021-10-27 04:09:29 ', 1, '2022-01-18 12:59:19', NULL, NULL),
(763, 1, 400612677383, NULL, '712820044642316', 'Kalil Mujiono', '30000.00', 'delivered', 'Lazada', '2021-10-26 17:21:13 ', 1, '2022-01-18 12:59:19', NULL, NULL),
(764, 1, 400612677383, NULL, '711968294033582', 'reni budayani', '36000.00', 'delivered', 'Lazada', '2021-10-25 14:12:00 ', 1, '2022-01-18 12:59:19', NULL, NULL),
(765, 1, 400612677383, NULL, '717455733252637', 'Ayi supardi', '27000.00', 'delivered', 'Lazada', '2021-10-25 06:01:38 ', 1, '2022-01-18 12:59:19', NULL, NULL),
(766, 1, 400612677383, NULL, '710803249831241', 'srimulyani', '122000.00', 'delivered', 'Lazada', '2021-10-23 17:53:03 ', 1, '2022-01-18 12:59:19', NULL, NULL),
(767, 1, 400612677383, NULL, '716119762138618', 'Dony', '25000.00', 'delivered', 'Lazada', '2021-10-22 21:46:59 ', 1, '2022-01-18 12:59:19', NULL, NULL),
(768, 1, 400612677383, NULL, '716012948052791', 'lusiana', '36000.00', 'delivered', 'Lazada', '2021-10-22 18:56:50 ', 1, '2022-01-18 12:59:19', NULL, NULL),
(769, 1, 400612677383, NULL, '710201035264012', 'anggie', '27000.00', 'delivered', 'Lazada', '2021-10-22 18:09:33 ', 1, '2022-01-18 12:59:19', NULL, NULL),
(770, 1, 400612677383, NULL, '715791103711718', 'asih widaningsih', '36000.00', 'delivered', 'Lazada', '2021-10-22 12:14:07 ', 1, '2022-01-18 12:59:19', NULL, NULL),
(771, 1, 400612677383, NULL, '715531939342734', 'syarif hidayat', '27000.00', 'delivered', 'Lazada', '2021-10-22 05:20:02 ', 1, '2022-01-18 12:59:19', NULL, NULL),
(772, 1, 400612677383, NULL, '714931543196379', 'Zhasa merah', '72000.00', 'delivered', 'Lazada', '2021-10-21 07:16:10 ', 1, '2022-01-18 12:59:19', NULL, NULL),
(773, 1, 400612677383, NULL, '714607932710311', '81283393475', '36000.00', 'delivered', 'Lazada', '2021-10-20 17:05:54 ', 1, '2022-01-18 12:59:19', NULL, NULL),
(774, 1, 400612677383, NULL, '708614287544974', 'Irfan', '54000.00', 'delivered', 'Lazada', '2021-10-20 10:58:07 ', 1, '2022-01-18 12:59:19', NULL, NULL),
(775, 1, 400612677383, NULL, '714099776965215', 'Muh aqil', '36000.00', 'delivered', 'Lazada', '2021-10-19 21:17:20 ', 1, '2022-01-18 12:59:19', NULL, NULL),
(776, 1, 400612677383, NULL, '708063204787921', 'linda 70', '36000.00', 'delivered', 'Lazada', '2021-10-19 13:21:48 ', 1, '2022-01-18 12:59:19', NULL, NULL),
(777, 1, 400612677383, NULL, '707680031343493', 'Akhmad Fauzi', '72000.00', 'delivered', 'Lazada', '2021-10-18 20:34:32 ', 1, '2022-01-18 12:59:19', NULL, NULL),
(778, 1, 400612677383, NULL, '707551268853127', 'fahruddin', '36000.00', 'delivered', 'Lazada', '2021-10-18 17:25:28 ', 1, '2022-01-18 12:59:19', NULL, NULL),
(779, 1, 400612677383, NULL, '707416659896763', 'Nabila', '126000.00', 'delivered', 'Lazada', '2021-10-18 13:56:28 ', 1, '2022-01-18 12:59:19', NULL, NULL),
(780, 1, 400612677383, NULL, '707152872953611', 'nining', '36000.00', 'delivered', 'Lazada', '2021-10-18 06:37:07 ', 1, '2022-01-18 12:59:19', NULL, NULL),
(781, 1, 400612677383, NULL, '712860535136447', 'usep jupront', '36000.00', 'delivered', 'Lazada', '2021-10-18 00:50:12 ', 1, '2022-01-18 12:59:19', NULL, NULL),
(782, 1, 400612677383, NULL, '706866248205368', 'sri Astuti', '36000.00', 'delivered', 'Lazada', '2021-10-17 17:11:22 ', 1, '2022-01-18 12:59:19', NULL, NULL),
(783, 1, 400612677383, NULL, '706744639036539', 'Diah utari', '36000.00', 'delivered', 'Lazada', '2021-10-17 13:31:47 ', 1, '2022-01-18 12:59:19', NULL, NULL),
(784, 1, 400612677383, NULL, '703674644461145', 'Zainul Qomar', '450000.00', 'delivered', 'Lazada', '2021-10-12 18:36:27 ', 1, '2022-01-18 12:59:19', NULL, NULL),
(785, 1, 400612677383, NULL, '702652044741421', 'Maharani', '50000.00', 'delivered', 'Lazada', '2021-10-11 08:51:58 ', 1, '2022-01-18 12:59:19', NULL, NULL),
(786, 1, 400612677383, NULL, '708335155696911', 'Teya', '219000.00', 'delivered', 'Lazada', '2021-10-11 08:10:14 ', 1, '2022-01-18 12:59:19', NULL, NULL),
(787, 1, 400612677383, NULL, '708311181952637', 'Ayi supardi', '27000.00', 'delivered', 'Lazada', '2021-10-11 07:28:38 ', 1, '2022-01-18 12:59:19', NULL, NULL),
(788, 1, 400612677383, NULL, '701575271642564', 'Abdul Wahab Pakaya', '450000.00', 'delivered', 'Lazada', '2021-10-10 05:58:40 ', 1, '2022-01-18 12:59:19', NULL, NULL),
(789, 1, 400612677383, NULL, '700019863118602', 'Adzkia Fiqa', '36000.00', 'delivered', 'Lazada', '2021-10-08 09:43:41 ', 1, '2022-01-18 12:59:19', NULL, NULL),
(790, 1, 400612677383, NULL, '704424912188875', '81343612376', '450000.00', 'delivered', 'Lazada', '2021-10-06 14:45:55 ', 1, '2022-01-18 12:59:19', NULL, NULL),
(791, 1, 400612677383, NULL, '703843394513050', 'navian', '36000.00', 'delivered', 'Lazada', '2021-10-05 19:15:40 ', 1, '2022-01-18 12:59:19', NULL, NULL),
(792, 1, 400612677383, NULL, '702808559510311', '81283393475', '36000.00', 'delivered', 'Lazada', '2021-10-04 12:02:16 ', 1, '2022-01-18 12:59:19', NULL, NULL),
(793, 1, 400612677383, NULL, '697069226273366', 'Leandra aurelrio', '36000.00', 'delivered', 'Lazada', '2021-10-04 10:50:47 ', 1, '2022-01-18 12:59:19', NULL, NULL),
(794, 1, 400612677383, NULL, '695156668623790', 'bpk. asep', '36000.00', 'delivered', 'Lazada', '2021-10-01 17:27:43 ', 1, '2022-01-18 12:59:19', NULL, NULL),
(795, 1, 400612677383, NULL, '694535094437830', 'Arief Maulana', '450000.00', 'delivered', 'Lazada', '2021-09-30 20:27:52 ', 1, '2022-01-18 12:59:19', NULL, NULL),
(796, 1, 400612677383, NULL, '691980054441421', 'Maharani', '56000.00', 'delivered', 'Lazada', '2021-09-27 08:23:07 ', 1, '2022-01-18 12:59:19', NULL, NULL),
(797, 1, 400612677383, NULL, '691942019605615', 'VIRA RENDY', '80000.00', 'delivered', 'Lazada', '2021-09-27 06:43:39 ', 1, '2022-01-18 12:59:19', NULL, NULL),
(798, 1, 400612677383, NULL, '691325894639435', 'Abidin', '35000.00', 'delivered', 'Lazada', '2021-09-26 09:44:31 ', 1, '2022-01-18 12:59:19', NULL, NULL),
(799, 1, 400612677383, NULL, '696616777385507', 'Erna Wati', '18000.00', 'delivered', 'Lazada', '2021-09-25 18:45:33 ', 1, '2022-01-18 12:59:19', NULL, NULL),
(800, 1, 400612677383, NULL, '690350050534194', 'A.Mirna', '40000.00', 'delivered', 'Lazada', '2021-09-24 20:40:51 ', 1, '2022-01-18 12:59:19', NULL, NULL),
(801, 1, 400612677383, NULL, '695945930434194', 'A.Mirna', '40000.00', 'delivered', 'Lazada', '2021-09-24 20:35:52 ', 1, '2022-01-18 12:59:19', NULL, NULL),
(802, 1, 400612677383, NULL, '695885525580908', 'safitri', '40000.00', 'delivered', 'Lazada', '2021-09-24 18:45:25 ', 1, '2022-01-18 12:59:19', NULL, NULL),
(803, 1, 400612677383, NULL, '689924238975012', 'wahyu sunarto', '40000.00', 'delivered', 'Lazada', '2021-09-24 08:56:22 ', 1, '2022-01-18 12:59:19', NULL, NULL),
(804, 1, 400612677383, NULL, '689528228386242', 'mama wida', '40000.00', 'delivered', 'Lazada', '2021-09-23 15:50:22 ', 1, '2022-01-18 12:59:19', NULL, NULL),
(805, 1, 400612677383, NULL, '689432049341527', 'tiara', '40000.00', 'delivered', 'Lazada', '2021-09-23 13:23:44 ', 1, '2022-01-18 12:59:19', NULL, NULL),
(806, 1, 400612677383, NULL, '688850264121811', '83129630648', '18000.00', 'delivered', 'Lazada', '2021-09-22 15:04:09 ', 1, '2022-01-18 12:59:19', NULL, NULL),
(807, 1, 400612677383, NULL, '694513701121811', 'buk kus', '18000.00', 'canceled', 'Lazada', '2021-09-22 15:00:49 ', 1, '2022-01-18 12:59:19', NULL, NULL),
(808, 1, 400612677383, NULL, '688315419821306', 'khodijah', '63000.00', 'delivered', 'Lazada', '2021-09-21 18:19:00 ', 1, '2022-01-18 12:59:19', NULL, NULL),
(809, 1, 400612677383, NULL, '693814924512652', 'Edi Suwandi Ramli', '176000.00', 'delivered', 'Lazada', '2021-09-21 13:53:01 ', 1, '2022-01-18 12:59:19', NULL, NULL),
(810, 1, 400612677383, NULL, '687656256102844', 'umi rifiyah', '40000.00', 'delivered', 'Lazada', '2021-09-20 18:18:06 ', 1, '2022-01-18 12:59:19', NULL, NULL),
(811, 1, 400612677383, NULL, '693277769108404', 'alibasuni', '40000.00', 'delivered', 'Lazada', '2021-09-20 17:33:53 ', 1, '2022-01-18 12:59:19', NULL, NULL),
(812, 1, 400612677383, NULL, '687441657233710', 'Suwandi', '36000.00', 'delivered', 'Lazada', '2021-09-20 11:54:45 ', 1, '2022-01-18 12:59:19', NULL, NULL),
(813, 1, 400612677383, NULL, '687432269233710', 'Suwandi', '40000.00', 'lost_by_3pl', 'Lazada', '2021-09-20 11:47:48 ', 1, '2022-01-18 12:59:19', NULL, NULL),
(814, 1, 400612677383, NULL, '687299644533710', 'Suwandi', '40000.00', 'delivered', 'Lazada', '2021-09-20 07:42:38 ', 1, '2022-01-18 12:59:19', NULL, NULL),
(815, 1, 400612677383, NULL, '687289880533710', 'Suwandi', '18000.00', 'shipped_back', 'Lazada', '2021-09-20 07:41:31 ', 1, '2022-01-18 12:59:19', NULL, NULL),
(816, 1, 400612677383, NULL, '687269625970512', 'asep alimudin', '30000.00', 'delivered', 'Lazada', '2021-09-20 06:06:20 ', 1, '2022-01-18 12:59:19', NULL, NULL),
(817, 1, 400612677383, NULL, '686970229212173', 'Sri Rezeki', '80000.00', 'delivered', 'Lazada', '2021-09-19 16:05:43 ', 1, '2022-01-18 12:59:19', NULL, NULL),
(818, 1, 400612677383, NULL, '686649074451361', 'Wanis', '36000.00', 'delivered', 'Lazada', '2021-09-19 03:49:18 ', 1, '2022-01-18 12:59:19', NULL, NULL),
(819, 1, 400612677383, NULL, '692201548684571', 'wahono  marsam', '72000.00', 'delivered', 'Lazada', '2021-09-18 22:08:29 ', 1, '2022-01-18 12:59:19', NULL, NULL),
(820, 1, 400612677383, NULL, '692183155153465', 'Iskandar Alamsjah', '36000.00', 'delivered', 'Lazada', '2021-09-18 21:38:18 ', 1, '2022-01-18 12:59:19', NULL, NULL),
(821, 1, 400612677383, NULL, '692078511256852', 'Andi Azamsyam', '36000.00', 'delivered', 'Lazada', '2021-09-18 18:16:01 ', 1, '2022-01-18 12:59:19', NULL, NULL),
(822, 1, 400612677383, NULL, '691065332812474', 'kaolan', '61000.00', 'delivered', 'Lazada', '2021-09-17 06:50:03 ', 1, '2022-01-18 12:59:19', NULL, NULL),
(823, 1, 400612677383, NULL, '685274403334021', 'pa ali atau mama nisa', '61000.00', 'delivered', 'Lazada', '2021-09-16 21:25:55 ', 1, '2022-01-18 12:59:19', NULL, NULL),
(824, 1, 400612677383, NULL, '684864695576462', 'Eni nuryanti', '27000.00', 'delivered', 'Lazada', '2021-09-16 10:29:33 ', 1, '2022-01-18 12:59:19', NULL, NULL),
(825, 1, 400612677383, NULL, '683916680867974', 'taufik rohman', '36000.00', 'delivered', 'Lazada', '2021-09-14 20:58:07 ', 1, '2022-01-18 12:59:19', NULL, NULL),
(826, 1, 400612677383, NULL, '683537285996379', 'Zhasa merah', '72000.00', 'delivered', 'Lazada', '2021-09-14 11:12:39 ', 1, '2022-01-18 12:59:19', NULL, NULL),
(827, 1, 400612677383, NULL, '682787010621856', 'ibu Siti', '32000.00', 'delivered', 'Lazada', '2021-09-13 09:03:28 ', 1, '2022-01-18 12:59:19', NULL, NULL),
(828, 1, 400612677383, NULL, '687568165487351', 'Ira s', '54000.00', 'delivered', 'Lazada', '2021-09-11 21:27:11 ', 1, '2022-01-18 12:59:19', NULL, NULL),
(829, 1, 400612677383, NULL, '681742613759203', 'Iwan sutrisno', '27000.00', 'delivered', 'Lazada', '2021-09-11 18:41:59 ', 1, '2022-01-18 12:59:19', NULL, NULL),
(830, 1, 400612677383, NULL, '687403553259203', 'Iwan sutrisno', '33000.00', 'delivered', 'Lazada', '2021-09-11 18:36:11 ', 1, '2022-01-18 12:59:19', NULL, NULL),
(831, 1, 400612677383, NULL, '681267228294952', 'puput', '36000.00', 'delivered', 'Lazada', '2021-09-11 09:56:29 ', 1, '2022-01-18 12:59:19', NULL, NULL),
(832, 1, 400612677383, NULL, '686594156817237', 'yadi ruhyadi', '36000.00', 'delivered', 'Lazada', '2021-09-10 23:18:21 ', 1, '2022-01-18 12:59:19', NULL, NULL),
(833, 1, 400612677383, NULL, '679647892209260', 'M. nurdin', '36000.00', 'delivered', 'Lazada', '2021-09-09 20:38:16 ', 1, '2022-01-18 12:59:19', NULL, NULL),
(834, 1, 400612677383, NULL, '684053528732143', 'Adri ramadhan', '61000.00', 'delivered', 'Lazada', '2021-09-08 23:49:50 ', 1, '2022-01-18 12:59:19', NULL, NULL),
(835, 1, 400612677383, NULL, '683872119636783', 'Susanto W', '94000.00', 'delivered', 'Lazada', '2021-09-08 19:03:44 ', 1, '2022-01-18 12:59:19', NULL, NULL),
(836, 1, 400612677383, NULL, '683784144736783', 'Susanto W', '61000.00', 'canceled', 'Lazada', '2021-09-08 17:02:30 ', 1, '2022-01-18 12:59:19', NULL, NULL),
(837, 1, 400612677383, NULL, '678089234353732', 'Abdul Kadir Hasan', '61000.00', 'delivered', 'Lazada', '2021-09-08 13:48:16 ', 1, '2022-01-18 12:59:19', NULL, NULL),
(838, 1, 400612677383, NULL, '682813517803808', 'Ken,zi', '36000.00', 'delivered', 'Lazada', '2021-09-07 10:31:55 ', 1, '2022-01-18 12:59:19', NULL, NULL),
(839, 1, 400612677383, NULL, '681600307417705', 'Munce sumantri', '32000.00', 'delivered', 'Lazada', '2021-09-05 16:43:05 ', 1, '2022-01-18 12:59:19', NULL, NULL),
(840, 1, 400612677383, NULL, '676037855052006', 'Rubadi', '59000.00', 'delivered', 'Lazada', '2021-09-05 16:39:36 ', 1, '2022-01-18 12:59:19', NULL, NULL),
(841, 1, 400612677383, NULL, '676022031239207', 'Suryati', '36000.00', 'delivered', 'Lazada', '2021-09-05 16:09:34 ', 1, '2022-01-18 12:59:19', NULL, NULL),
(842, 1, 400612677383, NULL, '680919593964020', 'bpk. gautama hening', '61000.00', 'delivered', 'Lazada', '2021-09-04 17:05:10 ', 1, '2022-01-18 12:59:19', NULL, NULL),
(843, 1, 400612677383, NULL, '675175419422248', 'suharianto', '61000.00', 'delivered', 'Lazada', '2021-09-04 11:19:49 ', 1, '2022-01-18 12:59:19', NULL, NULL),
(844, 1, 400612677383, NULL, '680338177229113', 'Gilmasabina', '61000.00', 'delivered', 'Lazada', '2021-09-03 20:35:17 ', 1, '2022-01-18 12:59:19', NULL, NULL),
(845, 1, 400612677383, NULL, '674483607476306', 'Resi aprilliyani', '27000.00', 'delivered', 'Lazada', '2021-09-03 12:10:50 ', 1, '2022-01-18 12:59:19', NULL, NULL),
(846, 1, 400612677383, NULL, '679989942476306', 'Resi aprilliyani', '27000.00', 'canceled', 'Lazada', '2021-09-03 11:49:17 ', 1, '2022-01-18 12:59:19', NULL, NULL),
(847, 1, 400612677383, NULL, '679590144768593', 'Nurul Alim', '36000.00', 'delivered', 'Lazada', '2021-09-02 20:04:16 ', 1, '2022-01-18 12:59:19', NULL, NULL),
(848, 1, 400612677383, NULL, '673628283051016', 'iman', '61000.00', 'delivered', 'Lazada', '2021-09-02 10:14:48 ', 1, '2022-01-18 12:59:19', NULL, NULL),
(849, 1, 400612677383, NULL, '678452761671677', 'Tri Pendi', '54000.00', 'delivered', 'Lazada', '2021-09-01 11:27:10 ', 1, '2022-01-18 12:59:19', NULL, NULL),
(850, 1, 400612677383, NULL, '678293563178420', 'Safril', '36000.00', 'delivered', 'Lazada', '2021-09-01 07:24:50 ', 1, '2022-01-18 12:59:19', NULL, NULL),
(851, 1, 400612677383, NULL, '677898352783429', 'satihat', '27000.00', 'delivered', 'Lazada', '2021-08-31 15:43:36 ', 1, '2022-01-18 12:59:19', NULL, NULL),
(852, 1, 400612677383, NULL, '677843995640362', 'ardi putra', '108000.00', 'delivered', 'Lazada', '2021-08-31 14:30:04 ', 1, '2022-01-18 12:59:19', NULL, NULL),
(853, 1, 400612677383, NULL, '672317602026579', 'MOCH RONI', '66000.00', 'delivered', 'Lazada', '2021-08-31 14:18:59 ', 1, '2022-01-18 12:59:19', NULL, NULL),
(854, 1, 400612677383, NULL, '677607154845298', 'Yonalanan Sudarsono', '61000.00', 'delivered', 'Lazada', '2021-08-31 08:44:08 ', 1, '2022-01-18 12:59:19', NULL, NULL),
(855, 1, 400612677383, NULL, '671388482049355', '81314928738', '36000.00', 'delivered', 'Lazada', '2021-08-30 10:06:48 ', 1, '2022-01-18 12:59:19', NULL, NULL),
(856, 1, 400612677383, NULL, '671089285126451', 'sukara', '72000.00', 'delivered', 'Lazada', '2021-08-29 19:54:32 ', 1, '2022-01-18 12:59:19', NULL, NULL),
(857, 1, 400612677383, NULL, '676575104391717', 'Bpk rafli', '36000.00', 'delivered', 'Lazada', '2021-08-29 19:12:48 ', 1, '2022-01-18 12:59:19', NULL, NULL),
(858, 1, 400612677383, NULL, '676184598945739', 'Moch Ismail', '36000.00', 'delivered', 'Lazada', '2021-08-29 08:38:54 ', 1, '2022-01-18 12:59:19', NULL, NULL),
(859, 1, 400612677383, NULL, '674677763442716', 'prastita pande', '36000.00', 'delivered', 'Lazada', '2021-08-26 21:19:01 ', 1, '2022-01-18 12:59:19', NULL, NULL),
(860, 1, 400612677383, NULL, '668259611731261', 'willy Kristy', '36000.00', 'delivered', 'Lazada', '2021-08-25 14:06:03 ', 1, '2022-01-18 12:59:19', NULL, NULL),
(861, 1, 400612677383, NULL, '667451669196911', 'Teya', '127000.00', 'delivered', 'Lazada', '2021-08-24 11:44:31 ', 1, '2022-01-18 12:59:19', NULL, NULL),
(862, 1, 400612677383, NULL, '672883530296911', 'Teya', '61000.00', 'canceled', 'Lazada', '2021-08-24 11:39:01 ', 1, '2022-01-18 12:59:19', NULL, NULL),
(863, 1, 400612677383, NULL, '672414704452006', 'Rubadi', '36000.00', 'delivered', 'Lazada', '2021-08-23 16:09:43 ', 1, '2022-01-18 12:59:19', NULL, NULL),
(864, 1, 400612677383, NULL, '672327344396379', 'Zhasa merah', '36000.00', 'delivered', 'Lazada', '2021-08-23 13:47:43 ', 1, '2022-01-18 12:59:19', NULL, NULL),
(865, 1, 400612677383, NULL, '672063128077096', 'Ir A. Yusuf Zuhdy', '36000.00', 'delivered', 'Lazada', '2021-08-23 03:44:51 ', 1, '2022-01-18 12:59:19', NULL, NULL),
(866, 1, 400612677383, NULL, '671751785964020', 'bpk. gautama hening', '61000.00', 'canceled', 'Lazada', '2021-08-22 15:50:47 ', 1, '2022-01-18 12:59:19', NULL, NULL),
(867, 1, 400612677383, NULL, '665876669217284', 'hermawan', '36000.00', 'canceled', 'Lazada', '2021-08-21 20:29:02 ', 1, '2022-01-18 12:59:19', NULL, NULL),
(868, 1, 400612677383, NULL, '665599836479147', 'Ardi Wacana', '1050.00', 'canceled', 'Lazada', '2021-08-21 12:08:00 ', 1, '2022-01-18 12:59:19', NULL, NULL),
(869, 1, 400612677383, NULL, '660260103849285', 'abdul', '1050.00', 'canceled', 'Lazada', '2021-08-05 11:04:36 ', 1, '2022-01-18 12:59:19', NULL, NULL),
(870, 1, 400612677383, NULL, '653878804877096', 'Ir A. Yusuf Zuhdy', '36000.00', 'delivered', 'Lazada', '2021-08-03 21:39:01 ', 1, '2022-01-18 12:59:19', NULL, NULL),
(871, 1, 400612677383, NULL, '653078411096466', 'lastri', '36000.00', 'delivered', 'Lazada', '2021-08-02 19:36:08 ', 1, '2022-01-18 12:59:19', NULL, NULL),
(872, 1, 400612677383, NULL, '657112595196466', 'lastri', '36000.00', 'canceled', 'Lazada', '2021-07-31 22:10:00 ', 1, '2022-01-18 12:59:19', NULL, NULL),
(873, 1, 400612677383, NULL, '651788021596466', 'lastri', '1050.00', 'canceled', 'Lazada', '2021-07-31 22:05:55 ', 1, '2022-01-18 12:59:19', NULL, NULL),
(893, 1, 400612677383, NULL, '782001352129753', 'fera', '35000.00', 'ready_to_ship', 'Lazada', '2022-01-18 11:17:05 ', 1, '2022-01-18 14:28:44', NULL, NULL),
(894, 1, 400612677383, NULL, '775232619550878', 'Pak De Sya\'Ban', '30000.00', 'ready_to_ship', 'Lazada', '2022-01-18 00:47:50 ', 1, '2022-01-18 14:28:44', NULL, NULL),
(895, 1, 400612677383, NULL, '774816885135023', 'halim kurniawan', '35000.00', 'shipped', 'Lazada', '2022-01-17 12:27:13 ', 1, '2022-01-18 14:28:44', NULL, NULL),
(897, 1, 400612677383, NULL, '774087093696911', 'Teya', '122000.00', 'shipped', 'Lazada', '2022-01-16 10:06:49 ', 1, '2022-01-18 14:28:44', NULL, NULL),
(898, 1, 400612677383, NULL, '780524164630712', 'Adi Yudha Prawira', '61000.00', 'shipped', 'Lazada', '2022-01-16 07:36:32 ', 1, '2022-01-18 14:28:44', NULL, NULL),
(899, 1, 400612677383, NULL, '773582477953859', 'Nur', '60000.00', 'delivered', 'Lazada', '2022-01-15 12:39:56 ', 1, '2022-01-18 14:28:44', NULL, NULL),
(1011, 1, 400612677383, NULL, '782940180520787', 'Imam Firdyansyah', '148000.00', 'packed', 'Lazada', '2022-01-19 17:27:31 ', 1, '2022-01-19 19:27:40', NULL, NULL),
(1012, 1, 400612677383, NULL, '782406191595327', 'naela', '30000.00', 'shipped', 'Lazada', '2022-01-18 21:24:34 ', 1, '2022-01-19 19:27:40', NULL, NULL),
(1013, 1, 400612677383, NULL, '775814627853275', 'Sariin', '122000.00', 'shipped', 'Lazada', '2022-01-18 20:39:44 ', 1, '2022-01-19 19:27:40', NULL, NULL),
(1014, 1, 400612677383, NULL, '774216664003571', '88709729090', '35000.00', 'shipped', 'Lazada', '2022-01-16 13:55:02 ', 1, '2022-01-19 19:27:40', NULL, NULL),
(1015, 1, 400612677383, NULL, '779598161684571', 'wahono  marsam', '35000.00', 'delivered', 'Lazada', '2022-01-14 17:37:41 ', 1, '2022-01-19 19:27:40', NULL, NULL);

-- --------------------------------------------------------

--
-- Table structure for table `produk`
--

CREATE TABLE `produk` (
  `IdProduk` bigint(20) NOT NULL,
  `IdUser` bigint(20) NOT NULL,
  `IdUserLazada` bigint(20) DEFAULT NULL,
  `IdUSerShopee` bigint(20) DEFAULT NULL,
  `NoProduk` varchar(20) NOT NULL,
  `NamaProduk` varchar(100) NOT NULL,
  `Harga` varchar(20) NOT NULL,
  `Stock` varchar(10) NOT NULL,
  `Gambar` varchar(250) NOT NULL,
  `SKU` varchar(50) NOT NULL,
  `Status` varchar(50) NOT NULL,
  `TglPembuatanProduk` varchar(20) NOT NULL,
  `Platform` varchar(30) NOT NULL,
  `CreatedBy` bigint(20) NOT NULL,
  `CreatedOn` varchar(20) NOT NULL,
  `ModifiedBy` bigint(20) DEFAULT NULL,
  `ModifiedOn` varchar(20) DEFAULT NULL
) ENGINE=InnoDB DEFAULT CHARSET=utf8mb4;

--
-- Dumping data for table `produk`
--

INSERT INTO `produk` (`IdProduk`, `IdUser`, `IdUserLazada`, `IdUSerShopee`, `NoProduk`, `NamaProduk`, `Harga`, `Stock`, `Gambar`, `SKU`, `Status`, `TglPembuatanProduk`, `Platform`, `CreatedBy`, `CreatedOn`, `ModifiedBy`, `ModifiedOn`) VALUES
(11, 1, 400612677383, NULL, '6059044130', 'UMBI DEWA Kapsul Curah Herbal 600mg Tumor Kanker Diabetes Stroke Haid', '61000', '2000', 'https://id-live.slatic.net/p/eb83411336978df5d47d6b49c23dc916.png', '6059044130_ID-11627734390', 'active', '2022-01-01 13:51:02', 'Lazada', 1, '2022-01-16 12:56:46', 0, ''),
(12, 1, 400612677383, NULL, '6058972780', 'DAUN KERSEN 100 Kapsul Herbal Diabetes Stroke Tumor Asam Urat Imunitas', '32000', '2000', 'https://id-live.slatic.net/p/9762f21e65c7587984232292aa4f82b0.png', '6058972780_ID-11627688031', 'active', '2022-01-01 12:53:29', 'Lazada', 1, '2022-01-16 12:56:46', 0, ''),
(13, 1, 400612677383, NULL, '6058968795', 'DAUN KEMUNING 100 Kapsul Curah Herbal Eksim Kencing Nanah Kulit Halus', '25000', '2000', 'https://id-live.slatic.net/p/2f0e4bbcda38a0a9f4ac675ad7c63630.png', '6058968795_ID-11627624721', 'active', '2022-01-01 12:45:50', 'Lazada', 1, '2022-01-16 12:56:46', 0, ''),
(14, 1, 400612677383, NULL, '6058980260', 'DAUN KENIKIR 100 Kapsul Curah Herbal 600mg Asam Lambung Antioksidan', '36000', '2000', 'https://id-live.slatic.net/p/867ce6a14e577f829f7113589e0f10c7.png', '6058980260_ID-11627644492', 'active', '2022-01-01 12:38:58', 'Lazada', 1, '2022-01-16 12:56:46', 0, ''),
(15, 1, 400612677383, NULL, '6058996009', 'Kapsul Curah Herbal JATI CINA Pelangsing Metabolisme 100 capsul', '24000', '2000', 'https://id-live.slatic.net/p/7ff145da06ca8c79a4b1120333c576b9.png', '6058996009_ID-11627648198', 'active', '2022-01-01 12:31:35', 'Lazada', 1, '2022-01-16 12:56:46', 0, ''),
(16, 1, 400612677383, NULL, '6058956460', 'BELUNTAS Kapsul Herbal Bau Badan Mulut Vitalitas AntiAging 100 capsul', '25000', '2000', 'https://id-live.slatic.net/p/216bc774d611e981d0e0cecf5d37e804.png', '6058956460_ID-11627592946', 'active', '2022-01-01 12:20:34', 'Lazada', 1, '2022-01-16 12:56:46', 0, ''),
(17, 1, 400612677383, NULL, '5771122628', 'GINKGO BILOBA 100 Kapsul Curah Herbal', '61000', '1983', 'https://id-live.slatic.net/p/844de46aeebdc732fc9caf48691bf004.png', '5771122628_ID-11226506601', 'active', '2021-09-28 01:53:31', 'Lazada', 1, '2022-01-16 12:56:46', 0, ''),
(18, 1, 400612677383, NULL, '5767846895', 'BAWANG PUTIH Garlic 100 Kapsul Curah Herbal Wasir Sinusitis Psoriasis', '35000', '1995', 'https://id-live.slatic.net/p/0822365136f3ad2ef5983f4a17d6bcfd.png', '5767846895_ID-11222986240', 'active', '2021-09-26 15:19:23', 'Lazada', 1, '2022-01-16 12:56:46', 0, ''),
(19, 1, 400612677383, NULL, '5766822964', 'PURWACENG Libido Booster 100 kapsul Herbal Jamu Kuat Pria 100', '62000', '2000', 'https://id-live.slatic.net/p/401e68c21b4bb4d8250e247a738a5c01.png', '5766822964_ID-11221532714', 'active', '2021-09-26 04:17:12', 'Lazada', 1, '2022-01-16 12:56:46', 0, ''),
(20, 1, 400612677383, NULL, '5766840706', 'GINSENG Panax  100 Kapsul Curah Herbal Jamu Kuat Pria Herbal Libido', '63000', '1998', 'https://id-live.slatic.net/p/136f0c674ab26295e9e880945bc5ec66.png', '5766840706_ID-11221560082', 'active', '2021-09-26 04:12:19', 'Lazada', 1, '2022-01-16 12:56:46', 0, ''),
(31, 1, NULL, 332128107, '9974275981', 'BAJU/KAOS ANAK DISTRO/PAKAIAN ANAK LAKI-LAKI/KAOS ANAK PREMIUM', 'null', 'null', 'https://cf.shopee.co.id/file/89511ddf3f00a17b11ab05a27f13491b', 'chicago 1-10thn', 'NORMAL', 'Shopee', '2021-07-04 09:12:35', 1, '2022-01-16 13:59:48', NULL, NULL),
(32, 1, NULL, 332128107, '8673981790', 'KAOS ANAK, BAJU KAOS PREMIUM,KAOS ANAK MURAH,KAOS ANAK PEREMPUAN', 'null', 'null', 'https://cf.shopee.co.id/file/f6b7a205222a2ab7a7ccda6112440140', 'harley 1-10 thn', 'NORMAL', 'Shopee', '2021-07-03 10:18:58', 1, '2022-01-16 13:59:48', NULL, NULL),
(33, 1, NULL, 332128107, '7678044909', 'kaos distro anak/kaos anak laki laki/usia 1-5thn/pakaian anak laki-laki', 'null', 'null', 'https://cf.shopee.co.id/file/de2370ee998bc9b8058700f5c7dd4cc2', 'uniqlo 1-10thn', 'NORMAL', 'Shopee', '2021-01-25 10:34:22', 1, '2022-01-16 13:59:48', NULL, NULL),
(34, 1, NULL, 332128107, '8574460114', 'KAOS ANAK BRAND PREMIUM/ KAOS ANAK MURAH/ KAOS ANAK TERBARU', 'null', 'null', 'https://cf.shopee.co.id/file/8f3dc46abd877c5cda633eabfa4df007', 'uniqlo 1-10thn', 'NORMAL', 'Shopee', '2021-07-05 03:30:20', 1, '2022-01-16 13:59:48', NULL, NULL),
(35, 1, NULL, 332128107, '13235463857', 'KAOS ANAK DISTRO/KAOS ANAK LAKI-LAKI/KAOS ANAK PREMIUM', 'null', 'null', 'https://cf.shopee.co.id/file/63cdec5f3f76b9a37cf33afca0da734f', 'badman', 'NORMAL', 'Shopee', '2021-10-24 07:17:03', 1, '2022-01-16 13:59:48', NULL, NULL),
(36, 1, NULL, 332128107, '11466236080', 'kaos anak/kaos anak distro/kaos anak premium/pakain anak laki-laki/baju anak', 'null', 'null', 'https://cf.shopee.co.id/file/f7dbde3e231f65dd151c7130be0fd61e', 'pull dan bear hijau', 'NORMAL', 'Shopee', '2021-10-31 04:51:26', 1, '2022-01-16 13:59:48', NULL, NULL),
(37, 1, NULL, 332128107, '12440288416', 'KAOS ANAK, BAJU ANAK PREMIUM,KAOS ANAK DISTRO/PAKAIAN ANAK LAKI-LAKI', 'null', 'null', 'https://cf.shopee.co.id/file/94f9215fd5322252790f5c405c1a3e07', 'pull dan bear pth', 'NORMAL', 'Shopee', '2021-10-31 04:15:24', 1, '2022-01-16 13:59:48', NULL, NULL),
(38, 1, NULL, 332128107, '12841173679', 'kaos anak distro/kaos anak premium/pakaian anak laki-laki', 'null', 'null', 'https://cf.shopee.co.id/file/d1a53ec95313f269c68c6b78780216ed', 'gap hijau', 'NORMAL', 'Shopee', '2021-11-01 16:32:36', 1, '2022-01-16 13:59:48', NULL, NULL),
(39, 1, NULL, 332128107, '14901758763', 'Dirfay kids Baju Anak Kaos Anak Distro Pakaian Anak Laki Laki', 'null', 'null', 'https://cf.shopee.co.id/file/fb9aac52b8e102c93d2bb43c7bec4126', 'hitam salur', 'NORMAL', 'Shopee', '2021-11-18 14:33:10', 1, '2022-01-16 13:59:48', NULL, NULL),
(40, 1, NULL, 332128107, '10723406617', 'kaos anak,kaos anak premium,kaos anak distro', 'null', 'null', 'https://cf.shopee.co.id/file/3f141a243521962b7eac5b7bdccae8a7', 'salur kuning', 'NORMAL', 'Shopee', '2021-08-04 05:52:30', 1, '2022-01-16 13:59:48', NULL, NULL),
(41, 1, NULL, 413909633, '9436410257', 'Kamlang Super Sonic 250gr Jamu Ayam Premium / Kamplang Ayam Aduan', 'Rp 34,300', '4', 'https://cf.shopee.co.id/file/b319f3a0ae9cd6b3bc4ff42ba3dfcc2f', '0307', 'NORMAL', 'Shopee', '2021-04-03 04:39:33', 1, '2022-01-16 14:42:35', NULL, NULL),
(42, 1, NULL, 413909633, '8989090328', 'Getah Gambir Untuk Mengeraskan Dan Menguatkan Kaki Jalu Dan Paruh Tjap Gatotkaca', 'Rp 35,000', '75', 'https://cf.shopee.co.id/file/7aaef46685194d77305daffbdd881262', '', 'NORMAL', 'Shopee', '2021-08-10 13:18:48', 1, '2022-01-16 14:42:35', NULL, NULL),
(43, 1, NULL, 413909633, '4687758003', 'Kemin Ayam Jago Aduan 200ml', 'Rp 35,000', '65', 'https://cf.shopee.co.id/file/b0ddefe7b058328f91b157fad6cb0dc4', '', 'NORMAL', 'Shopee', '2021-04-30 14:44:00', 1, '2022-01-16 14:42:35', NULL, NULL),
(44, 1, NULL, 413909633, '14506044362', 'Obat Merah Cina Die Yao Jing Original Untuk Mengeringkan Luka', 'Rp 40,000', '6', 'https://cf.shopee.co.id/file/7af570e6bb06a7a94c53974d69221201', '', 'NORMAL', 'Shopee', '2021-11-25 04:01:05', 1, '2022-01-16 14:42:35', NULL, NULL);

-- --------------------------------------------------------

--
-- Table structure for table `toko`
--

CREATE TABLE `toko` (
  `IdToko` bigint(20) NOT NULL,
  `NamaToko` varchar(100) NOT NULL,
  `Alamat` varchar(300) NOT NULL,
  `Telp` varchar(15) NOT NULL,
  `MaxAkun` bigint(20) NOT NULL,
  `Expired` bigint(20) NOT NULL,
  `Status` tinyint(4) NOT NULL,
  `CreatedBy` bigint(20) NOT NULL,
  `CreatedOn` varchar(20) NOT NULL,
  `ModifiedBy` bigint(20) DEFAULT NULL,
  `ModiffiedOn` timestamp NULL DEFAULT NULL ON UPDATE current_timestamp()
) ENGINE=InnoDB DEFAULT CHARSET=utf8mb4;

--
-- Dumping data for table `toko`
--

INSERT INTO `toko` (`IdToko`, `NamaToko`, `Alamat`, `Telp`, `MaxAkun`, `Expired`, `Status`, `CreatedBy`, `CreatedOn`, `ModifiedBy`, `ModiffiedOn`) VALUES
(1, 'Super Admin', 'Alamat Super Admin', '62819110191', 900, 32535126000, 1, 1, '2022-01-13 10:40:29', 1, '2022-01-13 07:24:20');

-- --------------------------------------------------------

--
-- Table structure for table `user`
--

CREATE TABLE `user` (
  `IdUser` bigint(20) NOT NULL,
  `IdToko` bigint(20) NOT NULL,
  `Username` varchar(50) NOT NULL,
  `Password` varchar(30) NOT NULL,
  `CreatedBy` bigint(20) NOT NULL,
  `CreatedOn` varchar(20) NOT NULL,
  `ModifiedBy` bigint(20) DEFAULT NULL,
  `ModiffiedOn` timestamp NULL DEFAULT NULL ON UPDATE current_timestamp()
) ENGINE=InnoDB DEFAULT CHARSET=utf8mb4;

--
-- Dumping data for table `user`
--

INSERT INTO `user` (`IdUser`, `IdToko`, `Username`, `Password`, `CreatedBy`, `CreatedOn`, `ModifiedBy`, `ModiffiedOn`) VALUES
(1, 1, 'SuperAdmin', '1217181787', 1, '2022-01-13 11:11:56', NULL, '2022-01-13 07:15:37');

-- --------------------------------------------------------

--
-- Table structure for table `user_lazada`
--

CREATE TABLE `user_lazada` (
  `IdUserLazada` bigint(20) NOT NULL,
  `IdUser` bigint(20) NOT NULL,
  `IdSeller` bigint(20) NOT NULL,
  `NamaShop` varchar(60) NOT NULL,
  `AksesToken` varchar(100) NOT NULL,
  `ExpiredToken` bigint(20) NOT NULL,
  `RefreshToken` varchar(100) NOT NULL,
  `ExpiredRefreshToken` bigint(20) NOT NULL,
  `CreatedBy` bigint(20) NOT NULL,
  `CreatedOn` varchar(20) NOT NULL,
  `ModifiedBy` bigint(20) DEFAULT NULL,
  `ModifiedOn` timestamp NULL DEFAULT NULL ON UPDATE current_timestamp()
) ENGINE=InnoDB DEFAULT CHARSET=utf8mb4;

--
-- Dumping data for table `user_lazada`
--

INSERT INTO `user_lazada` (`IdUserLazada`, `IdUser`, `IdSeller`, `NamaShop`, `AksesToken`, `ExpiredToken`, `RefreshToken`, `ExpiredRefreshToken`, `CreatedBy`, `CreatedOn`, `ModifiedBy`, `ModifiedOn`) VALUES
(0, 1, 0, '', '', 0, '', 0, 1, '19-01-2022', NULL, NULL),
(400612677383, 1, 400612677383, 'youshef49@gmail.com', '50000300305ba6pac1b9515e8TKmtkqBwzpTc92JvdHTbxwDYddv5qsUGWCKJtvu', 2592000, '50001300e41kuoynrd8cIVeJRETve9iBvArytdnHJjZDzVliYzNpD1a7644b5H6z', 15552000, 1, '2022-01-13 11:17:41', NULL, '2022-01-14 04:33:38'),
(400615470287, 1, 400615470287, 'zaek2704@gmail.com', '50000700400y197126cf7RbbrThVBmHOwMufhZn0HoTbztlAebSCKvVcI3pfaY8w', 2592000, '50001701e00r1f7d755cHAdbrCoWyhnEKG0jzTHjbFSqiOxZsmP4V8Qbt0BsNBCu', 15116082, 1, '19-01-2022', NULL, NULL);

-- --------------------------------------------------------

--
-- Table structure for table `user_shopee`
--

CREATE TABLE `user_shopee` (
  `IdUserShopee` bigint(20) NOT NULL,
  `IdUser` bigint(20) NOT NULL,
  `IdSeller` bigint(20) NOT NULL,
  `NamaShop` varchar(60) NOT NULL,
  `AksesToken` varchar(100) NOT NULL,
  `ExpiredToken` bigint(20) NOT NULL,
  `RefreshToken` varchar(100) NOT NULL,
  `ExpiredRefreshToken` bigint(20) NOT NULL,
  `CreatedBy` bigint(20) NOT NULL,
  `CreatedOn` varchar(20) NOT NULL,
  `ModifiedBy` bigint(20) DEFAULT NULL,
  `ModifiedOn` timestamp NULL DEFAULT NULL ON UPDATE current_timestamp()
) ENGINE=InnoDB DEFAULT CHARSET=utf8mb4;

--
-- Dumping data for table `user_shopee`
--

INSERT INTO `user_shopee` (`IdUserShopee`, `IdUser`, `IdSeller`, `NamaShop`, `AksesToken`, `ExpiredToken`, `RefreshToken`, `ExpiredRefreshToken`, `CreatedBy`, `CreatedOn`, `ModifiedBy`, `ModifiedOn`) VALUES
(332128107, 1, 332128107, 'dirfay kids shop', '4a676d575666784f477154516b4e496a', 14400, '456b4c6f7955464d754e6a4b474b7955', 0, 1, '19-01-2022', NULL, NULL),
(413909633, 1, 413909633, 'sonicfarms', '6577787a42784b7843694e774a4c785a', 14400, '686e484f45746454796a53736b69416f', 0, 1, '19-01-2022', NULL, NULL),
(471468662, 1, 471468662, 'medicalherbalindo', '5063535277544a4b7853596678716a44', 14400, '7566726872637a5054667246466f5346', 0, 1, '16-01-2022', NULL, NULL);

--
-- Indexes for dumped tables
--

--
-- Indexes for table `order`
--
ALTER TABLE `order`
  ADD PRIMARY KEY (`IdOrder`),
  ADD UNIQUE KEY `NoOrder` (`NoOrder`),
  ADD KEY `IdOrder` (`IdOrder`,`IdUser`,`IdUserLazada`,`IdUserShopee`,`NoOrder`,`NamaPembeli`,`Harga`,`Status`,`TglPembuatanOrder`,`Platform`,`CreatedBy`,`CreatedOn`,`ModifiedBy`,`ModifiedOn`);

--
-- Indexes for table `produk`
--
ALTER TABLE `produk`
  ADD PRIMARY KEY (`IdProduk`),
  ADD UNIQUE KEY `NoProduk` (`NoProduk`),
  ADD KEY `IdProduk` (`IdProduk`);

--
-- Indexes for table `toko`
--
ALTER TABLE `toko`
  ADD PRIMARY KEY (`IdToko`);

--
-- Indexes for table `user`
--
ALTER TABLE `user`
  ADD PRIMARY KEY (`IdUser`);

--
-- Indexes for table `user_lazada`
--
ALTER TABLE `user_lazada`
  ADD PRIMARY KEY (`IdUserLazada`);

--
-- Indexes for table `user_shopee`
--
ALTER TABLE `user_shopee`
  ADD PRIMARY KEY (`IdUserShopee`);

--
-- AUTO_INCREMENT for dumped tables
--

--
-- AUTO_INCREMENT for table `order`
--
ALTER TABLE `order`
  MODIFY `IdOrder` bigint(20) NOT NULL AUTO_INCREMENT, AUTO_INCREMENT=1016;

--
-- AUTO_INCREMENT for table `produk`
--
ALTER TABLE `produk`
  MODIFY `IdProduk` bigint(20) NOT NULL AUTO_INCREMENT, AUTO_INCREMENT=45;

--
-- AUTO_INCREMENT for table `toko`
--
ALTER TABLE `toko`
  MODIFY `IdToko` bigint(20) NOT NULL AUTO_INCREMENT, AUTO_INCREMENT=2;

--
-- AUTO_INCREMENT for table `user`
--
ALTER TABLE `user`
  MODIFY `IdUser` bigint(20) NOT NULL AUTO_INCREMENT, AUTO_INCREMENT=2;
COMMIT;

/*!40101 SET CHARACTER_SET_CLIENT=@OLD_CHARACTER_SET_CLIENT */;
/*!40101 SET CHARACTER_SET_RESULTS=@OLD_CHARACTER_SET_RESULTS */;
/*!40101 SET COLLATION_CONNECTION=@OLD_COLLATION_CONNECTION */;
